{"1": {"frequency": 4.525949367088607, "amplitude": 2.290983606557377, "phase": 0.0, "angle": 67.8688524590164}, "2": {"frequency": 1.0, "amplitude": 10.0, "phase": 0.0, "angle": 0.0}}